window,sym0,sym1,sym2
10,5,2,1
11,5,2,1
12,5,2,1
13,5,2,1
14,5,0,0
15,5,0,0
16,5,0,0
17,5,1,0
18,5,0,0
19,5,0,0
20,0,0,0
21,0,0,0
22,0,0,0
23,0,0,0
24,0,0,0
25,0,0,0
26,0,0,0
27,5,2,1
28,5,2,1
29,5,2,1
30,5,2,1
31,5,2,1
32,5,2,1
33,5,2,1
34,5,0,0
35,5,0,0
36,5,0,0
37,5,0,0
38,5,0,0
39,5,0,0
40,0,0,1
41,0,0,1
42,0,0,1
43,0,0,0
44,0,0,1
45,0,0,1
46,0,0,1
47,5,2,1
48,5,2,1
49,5,2,1
50,5,2,1
51,5,2,1
52,5,2,1
53,5,2,1
54,4,0,0
55,0,0,0
56,5,0,0
57,0,0,0
58,3,0,0
59,3,0,0
60,0,2,1
61,0,2,1
62,0,1,1
63,0,2,1
64,0,0,1
65,0,2,1
66,0,2,1
67,5,2,1
68,5,2,1
69,5,2,1
70,5,2,1
71,5,2,1
72,5,2,1
73,5,2,1
74,0,0,0
75,0,0,0
76,0,0,0
77,0,0,0
78,0,0,0
79,0,0,0
80,0,2,1
81,0,2,1
82,0,2,1
83,0,2,1
84,0,2,1
85,0,2,1
86,0,2,1
87,5,2,1
88,5,2,1
89,5,2,1
90,5,2,1
91,5,2,1
92,5,2,1
93,5,2,1
94,0,0,0
95,0,0,0
96,0,0,0
97,0,0,0
98,0,0,0
99,0,0,0
100,0,2,1
101,0,2,1
102,0,2,1
103,0,2,1
104,0,2,1
105,0,2,1
106,0,2,1
107,5,2,1
108,5,2,1
109,5,2,1
110,5,2,1
111,5,2,1
112,5,2,1
113,5,2,1
114,0,0,0
115,0,0,0
116,0,0,0
117,0,0,0
118,0,0,0
119,0,0,0
120,0,2,1
121,0,2,1
122,0,2,1
123,0,2,1
124,0,2,1
125,0,2,1
126,0,2,1
127,5,2,1
128,5,2,1
129,5,2,1
130,5,2,1
131,5,2,1
132,5,2,1
133,5,2,1
134,0,0,0
135,0,0,0
136,0,0,0
137,0,0,0
138,0,0,0
139,0,0,0
140,0,2,1
141,0,2,1
142,0,2,1
143,0,2,1
144,0,2,1
145,0,2,1
146,0,2,1
147,5,2,1
148,5,2,1
149,5,2,1
150,5,2,1
151,5,2,1
152,5,2,1
153,5,2,1
154,0,0,0
155,0,0,0
156,0,0,0
157,0,0,0
158,0,0,0
159,0,0,0
160,0,2,1
161,0,2,1
162,0,2,1
163,0,2,1
164,0,2,1
165,0,2,1
166,0,2,1
167,5,2,1
168,5,2,1
169,5,2,1
170,5,2,1
171,5,2,1
172,5,2,1
173,5,2,1
174,0,0,0
175,0,0,0
176,0,0,0
177,0,0,0
178,0,0,0
179,0,0,0
180,0,2,1
181,0,2,1
182,0,2,1
183,0,2,1
184,0,2,1
185,0,2,1
186,0,2,1
187,5,2,1
188,5,2,1
189,5,2,1
190,5,2,1
191,5,2,1
192,5,2,1
193,5,2,1
194,0,0,0
195,0,0,0
196,0,0,0
197,0,0,0
198,0,0,0
199,0,0,0
